region,dday,week,date,temp.avg,temp.low,temp.high,dtv,rainfall,wind,rel.hum,pressure,sunduration,temp.ground,co,no2,o3,so3,pm10,pm25,case,ma.case,total.case
seoul,1,1,2020-01-01,-2.9,-6.9,0.3,7.2,0.1,0.9,73.6,1024.5,1.3,-1.1,0.6,0.034,0.006,0.003,34,23,0,0,0
seoul,2,1,2020-01-02,0.2,-2.2,3.3,5.4,0,0.9,78.3,1021.9,0.1,0,0.8,0.04,0.005,0.004,60.7,41.3,0,0,0
seoul,3,1,2020-01-03,-0.8,-5,4.9,10,0,1.2,70.2,1019.6,8.4,-0.6,0.9,0.037,0.012,0.004,69,46,0,0,0
seoul,4,1,2020-01-04,0.1,-5.2,6.7,11.9,0,1.3,66.9,1018.6,7.5,-0.4,0.9,0.04,0.014,0.004,58.3,40.3,0,0,0
seoul,5,2,2020-01-05,-0.4,-6,5.6,11.6,0,0.9,64,1023,7,-0.8,0.8,0.038,0.012,0.005,52.3,35.3,0,0,0
seoul,6,2,2020-01-06,1.9,-1.9,3.9,5.8,2.5,1.8,78.7,1018.5,0,0.4,0.7,0.04,0.006,0.004,42,29,0,0,0
seoul,7,2,2020-01-07,5.8,3.4,7.8,4.4,53,2.4,98.5,1002.5,0,3.7,0.5,0.029,0.01,0.003,9.7,6.7,0,0,0
seoul,8,2,2020-01-08,2.8,-0.1,8.6,8.7,9,3.2,89.7,1006.7,0.2,3.8,0.6,0.018,0.022,0.003,29,23,0,0,0
seoul,9,2,2020-01-09,-1,-3.7,2.4,6.1,0,1.9,73.4,1016.5,8.1,1.2,0.6,0.021,0.023,0.004,49,37.3,0,0,0
seoul,10,2,2020-01-10,-1.3,-5.2,4.1,9.3,0,1.1,77.6,1016.2,7.5,0.2,0.8,0.038,0.011,0.004,65.7,49,0,0,0
seoul,11,2,2020-01-11,-0.8,-4.6,4,8.6,0,1.3,75,1012.6,7.7,-0.1,0.8,0.033,0.017,0.004,54.3,39.7,0,0,0
seoul,12,3,2020-01-12,-1.1,-3.9,2.7,6.6,0,1.8,70.1,1010.7,8.2,0.2,0.6,0.017,0.028,0.004,42,29.7,0,0,0
seoul,13,3,2020-01-13,-2.9,-5.7,1,6.6,0,1.9,62.4,1015.6,8.1,-1.3,0.5,0.021,0.021,0.003,24.7,14.7,0,0,0
seoul,14,3,2020-01-14,-3,-7.4,2.4,9.8,0,1.3,61,1018.3,8.5,-1.5,0.6,0.034,0.013,0.004,33.7,21,0,0,0
seoul,15,3,2020-01-15,-3.4,-8.3,2.2,10.5,0,1.4,61.9,1020.9,9,-2,0.6,0.03,0.015,0.005,41.3,25.3,0,0,0
seoul,16,3,2020-01-16,-2.9,-7.3,3.2,10.5,0,1.3,61,1019.6,7.8,-1.8,0.7,0.032,0.014,0.005,43,27.3,0,0,0
seoul,17,3,2020-01-17,-1.8,-6.6,4.6,11.2,0,1.2,63.1,1015.9,7.7,-1.1,0.8,0.042,0.011,0.005,61.7,37,0,0,0
seoul,18,3,2020-01-18,-0.7,-6,5.9,12,0,1.3,61.9,1014,8.8,-0.9,0.8,0.039,0.014,0.005,64,39,0,0,0
seoul,19,4,2020-01-19,0.9,-2.5,5.5,8,0.3,1.7,74.3,1011.3,4,0.2,0.9,0.032,0.02,0.004,64.7,47.3,0,0,0
seoul,20,4,2020-01-20,0.3,-3.9,5.9,9.8,0,2.3,60.4,1015.3,8,-0.1,0.6,0.023,0.024,0.004,51.7,27.7,0,0,0
seoul,21,4,2020-01-21,-1.5,-7,4.5,11.5,0,1.1,53.7,1022.1,9.1,-1,0.7,0.038,0.013,0.005,47,26.3,0,0,0
seoul,22,4,2020-01-22,1.6,-1.8,6.8,8.6,0,1.1,56.5,1017.8,3,0.9,0.8,0.05,0.006,0.005,49.7,30,0,0,0
seoul,23,4,2020-01-23,3.8,-1.6,10.3,11.9,0,1.7,62.8,1016.7,8.6,1.5,0.7,0.036,0.02,0.004,63.7,40.3,0,0,0
seoul,24,4,2020-01-24,1.7,-3.1,7.8,10.9,0,1.4,72.4,1022.7,8.4,1.1,0.8,0.027,0.021,0.004,71,49,0,0,0
seoul,25,4,2020-01-25,2.5,-2.1,8.6,10.7,0,1.1,75.7,1021.9,4.6,1.2,0.7,0.031,0.013,0.003,50.7,36,0,0,0
seoul,26,5,2020-01-26,4.7,-2.4,11.5,13.9,0,2.1,65.1,1019.7,7.5,2.4,0.6,0.021,0.021,0.003,30.7,21,0,0,0
seoul,27,5,2020-01-27,5.9,4.2,7.9,3.8,0.5,3.2,57.7,1013.6,0,2.8,0.3,0.01,0.033,0.003,10.7,4,0,0,0
seoul,28,5,2020-01-28,7,3.5,10.7,7.2,0.1,2.4,58.8,1010.7,0.7,4.8,0.4,0.018,0.024,0.003,12.7,5.3,0,0,0
seoul,29,5,2020-01-29,5.1,0.8,10.1,9.3,0,1.7,62.4,1008.4,6.1,3.6,0.5,0.026,0.017,0.003,18.3,8.3,0,0,0
seoul,30,5,2020-01-30,4.5,-0.3,10.1,10.3,0,1.4,62.8,1007.5,6.5,3.1,0.5,0.027,0.018,0.003,20.7,10.7,0,0,0
seoul,31,5,2020-01-31,3.1,-0.3,8.4,8.6,0,1.7,74.3,1012.1,5.6,2.8,0.6,0.029,0.019,0.003,35.7,23.7,0,0,0
seoul,32,5,2020-02-01,1.5,-2.9,7.2,10.1,0,1.3,77.8,1016.6,4.2,2,0.8,0.031,0.022,0.004,67.3,49.3,0,0,0
seoul,33,6,2020-02-02,0.7,-3.5,5.1,8.6,0,1.2,66,1018,3.7,1.2,0.8,0.025,0.027,0.004,67,51.3,0,0,0
seoul,34,6,2020-02-03,-0.6,-4,3.2,7.2,0,2.4,53.7,1019.5,9.4,1.5,0.4,0.016,0.029,0.003,24.7,14.7,0,0,0
seoul,35,6,2020-02-04,-2.1,-7.8,4.3,12.1,1.4,2.2,67.8,1018.9,6.4,-0.5,0.5,0.023,0.022,0.003,25.7,15.7,0,0,0
seoul,36,6,2020-02-05,-8,-10.9,-3.6,7.3,0,2.6,46.2,1024.2,9.8,-2.3,0.4,0.012,0.026,0.003,22,9.7,0,0,0
seoul,37,6,2020-02-06,-7.1,-13,-0.5,12.5,0,1.5,53.1,1026.3,9.6,-2.6,0.5,0.028,0.015,0.004,39,20,0,0,0
seoul,38,6,2020-02-07,-2.1,-8.6,2.6,11.2,0,1.3,60.2,1021.7,5,-0.3,0.6,0.03,0.016,0.004,37.7,24,0,0,0
seoul,39,6,2020-02-08,0.1,-3.2,4.4,7.6,0,2.6,55.4,1019.8,9.3,0.9,0.5,0.015,0.031,0.004,39.3,27.3,0,0,0
seoul,40,7,2020-02-09,-1.1,-7.5,4.4,11.9,0,1.5,64,1017.8,9.5,-0.1,0.5,0.022,0.026,0.004,34.7,23,1,0.2,1
seoul,41,7,2020-02-10,2.9,-2.7,9.9,12.6,0,1.2,62.4,1016.5,9.4,2.6,0.7,0.039,0.016,0.004,50.3,30.7,0,0.2,1
seoul,42,7,2020-02-11,5.2,-2.8,13.8,16.6,0,1.2,52.7,1019.4,9.2,2.9,0.8,0.051,0.012,0.005,59,35.3,1,0.4,2
seoul,43,7,2020-02-12,6.3,4.2,8.1,4,7,1.2,83,1009.6,0,5.1,0.8,0.048,0.008,0.004,47,33,0,0.4,2
seoul,44,7,2020-02-13,6,2.7,9.6,6.9,0,1.3,91.5,1011.8,2.8,6.4,0.7,0.03,0.019,0.003,63.7,47,0,0.4,2
seoul,45,7,2020-02-14,6.5,2.3,12.9,10.6,0,1.1,84.2,1013.5,7.6,6.6,0.8,0.041,0.015,0.003,75,55,0,0.2,2
seoul,46,7,2020-02-15,8.2,2.2,15.6,13.4,2.3,1.7,77.8,1010.3,4.2,5.8,0.7,0.034,0.02,0.003,64.3,47.7,0,0.2,2
seoul,47,8,2020-02-16,-1.1,-4.3,5.9,10.3,10.3,3.4,85.8,1005.7,1.6,2.5,0.5,0.012,0.027,0.003,24.3,16.3,1,0.2,3
seoul,48,8,2020-02-17,-5.4,-7.3,-3,4.3,0.5,3.3,69.9,1010.6,4.3,-0.1,0.4,0.012,0.03,0.003,30.3,15.7,1,0.4,4
seoul,49,8,2020-02-18,-4.1,-9.4,1.5,10.9,0,1.7,58.3,1019.8,10,-0.5,0.5,0.021,0.024,0.003,22.7,14,0,0.4,4
seoul,50,8,2020-02-19,0.2,-5.8,6.6,12.4,0,1,70.2,1022.5,6.2,1.3,0.7,0.045,0.009,0.003,33.7,23,2,0.8,6
seoul,51,8,2020-02-20,3.5,-1.8,10.5,12.3,0,1.2,76.2,1025.8,9,3.6,0.7,0.046,0.011,0.004,55,40.7,1,1,7
seoul,52,8,2020-02-21,5.6,-0.2,10.8,11,4.6,1.5,79.5,1021.6,0.8,4,0.7,0.041,0.018,0.004,55.3,40.7,5,1.8,12
seoul,53,8,2020-02-22,4.1,-0.3,7.9,8.2,2.9,4,69,1017.2,5.9,4.6,0.6,0.014,0.035,0.003,73,38,2,2,14
seoul,54,9,2020-02-23,2.1,-3.3,8,11.3,0,1.8,61.6,1021.3,10.3,2.9,0.4,0.018,0.031,0.003,22.7,11,2,2.4,16
seoul,55,9,2020-02-24,6,-0.5,12.1,12.6,0,1.2,66.6,1016.7,7.1,5.1,0.5,0.036,0.019,0.004,34.3,18.3,16,5.2,32
seoul,56,9,2020-02-25,6.3,4.4,9.4,5,20.2,2.9,82.6,1010.6,1.2,6,0.4,0.025,0.024,0.003,19.7,12.3,10,7,42
seoul,57,9,2020-02-26,5.8,1.4,10.9,9.6,0,1.7,72.5,1015.9,5.5,5.4,0.4,0.023,0.022,0.003,17.7,9.3,12,8.4,54
seoul,58,9,2020-02-27,5.3,0.6,11.4,10.8,0,1.6,65.8,1020.2,9.6,5.8,0.4,0.025,0.02,0.003,16,9,22,12.4,76
seoul,59,9,2020-02-28,3.4,1.5,5.1,3.7,3.7,0.9,89.5,1015.1,0,4.2,0.5,0.038,0.007,0.003,28,20,19,15.8,95
seoul,60,9,2020-02-29,6.4,2.8,12.1,9.3,0.1,1.3,81.3,1010.8,7.8,8,0.5,0.027,0.019,0.003,23.7,16.3,24,17.4,119
seoul,61,10,2020-03-01,4.8,0.5,9.7,9.3,0.3,1.5,84.9,1011,0.6,4.9,0.6,0.024,0.019,0.003,42.7,30.7,16,18.6,135
seoul,62,10,2020-03-02,3.2,-0.2,7.8,8,0,2.3,63,1016.1,9.8,4.9,0.5,0.018,0.031,0.003,37.7,26.7,8,17.8,143
seoul,63,10,2020-03-03,4.3,-1.7,11.3,12.9,0,1.9,69.4,1016.4,5.7,4.2,0.6,0.03,0.023,0.003,46,32.3,9,15.2,152
seoul,64,10,2020-03-04,2.3,-0.8,5.9,6.7,0,3.6,63,1014.5,7.1,4,0.5,0.014,0.038,0.003,44,31.3,10,13.4,162
seoul,65,10,2020-03-05,1.2,-3.6,6.7,10.3,0,2.1,56.9,1017.6,10.7,3.5,0.4,0.018,0.031,0.003,34,24.3,13,11.2,175
seoul,66,10,2020-03-06,2.3,-4.6,9.5,14.1,0,1.2,58.6,1014.9,10.5,3.8,0.6,0.039,0.016,0.003,40.3,26.7,12,10.4,187
seoul,67,10,2020-03-07,5.3,-0.8,12.8,13.6,0,1.3,57.9,1010.6,3.8,5.1,0.7,0.045,0.016,0.004,55.3,38.3,13,11.4,200
seoul,68,11,2020-03-08,7.4,-0.6,16.5,17,0,1.2,60.1,1011.2,10.5,6.9,0.7,0.04,0.027,0.004,63.7,48,23,14.2,223
seoul,69,11,2020-03-09,9.3,1.2,16.4,15.2,0,1.3,54.7,1006.7,5.6,7.8,0.6,0.044,0.024,0.004,66,46.7,21,16.4,244
seoul,70,11,2020-03-10,6.6,3.5,10.1,6.7,9,2.6,81.7,1000.6,0.1,6.6,0.6,0.022,0.027,0.003,44,31,26,19,270
seoul,71,11,2020-03-11,3.7,-0.2,8.4,8.6,0,3,51.5,1010.7,10.9,4.3,0.4,0.015,0.03,0.003,33.3,11.7,76,31.8,346
seoul,72,11,2020-03-12,6.1,-1.4,12.9,14.3,0,2.3,61.8,1013.9,7.7,5,0.4,0.025,0.025,0.003,35,13,22,33.6,368
seoul,73,11,2020-03-13,4.8,-0.4,9.5,9.8,0.2,2.9,46.2,1014.3,8.7,6.6,0.4,0.014,0.032,0.003,30.7,11.3,22,33.4,390
seoul,74,11,2020-03-14,3.6,-3.5,9.3,12.9,0,2.7,58.1,1008,10.5,4.7,0.5,0.017,0.032,0.003,40,18.3,29,35,419
seoul,75,12,2020-03-15,4,0.1,9.4,9.3,0,3.7,55.8,1004.4,8.1,5.4,0.4,0.012,0.032,0.003,41.7,16,22,34.2,441
seoul,76,12,2020-03-16,3.1,-3.2,9.3,12.5,0,2.4,55.8,1014.5,11.1,5.4,0.4,0.017,0.027,0.003,24.7,11.7,26,24.2,467
seoul,77,12,2020-03-17,5.9,2,11.6,9.5,0.2,2,76.8,1008.1,4.4,6.9,0.5,0.026,0.026,0.003,49.3,21.7,44,28.6,511
seoul,78,12,2020-03-18,8.5,-0.3,16.6,16.9,0,1.8,59,1005.6,9.7,8.7,0.6,0.033,0.027,0.004,56.3,32.3,21,28.4,532
seoul,79,12,2020-03-19,8.5,4.8,12.3,7.6,0,5.3,57.3,998.6,6.5,8.3,0.4,0.014,0.044,0.003,57.7,22,30,28.6,562
seoul,80,12,2020-03-20,8.2,1.8,14.2,12.4,0,2.9,50.5,1006.3,10.8,8.8,0.4,0.018,0.029,0.003,41.7,8.3,35,31.2,597
seoul,81,12,2020-03-21,11.6,5.1,18.7,13.7,0.1,1.8,66.3,1004.3,5.5,12.1,0.4,0.022,0.037,0.004,52.3,16.3,31,32.2,628
seoul,82,13,2020-03-22,10.9,5.1,17.1,12.1,0,2.8,45.1,1007,11.4,12.3,0.3,0.01,0.04,0.003,38.3,14.7,26,28.6,654
seoul,83,13,2020-03-23,9.7,2.4,16.8,14.4,0,2.1,50.6,1009.8,11.2,11.2,0.5,0.025,0.035,0.004,49.3,26.3,20,28.4,674
seoul,84,13,2020-03-24,10.1,2.3,17.8,15.5,0,1.7,48.4,1012.8,11.3,11.8,0.5,0.032,0.031,0.004,59,34.3,20,26.4,694
seoul,85,13,2020-03-25,11.1,2.8,19.1,16.4,0,1.5,51.2,1012.7,9.2,12.2,0.5,0.036,0.032,0.004,53,30.7,35,26.4,729
seoul,86,13,2020-03-26,13.8,5.8,21,15.3,1.9,1.4,63.9,1007.9,3.9,12.7,0.5,0.035,0.031,0.003,49.7,29,28,25.8,757
seoul,87,13,2020-03-27,11.7,6.8,16,9.2,3.5,2.9,63.2,1006.1,7,13.5,0.4,0.015,0.032,0.003,40.3,19,26,25.8,783
seoul,88,13,2020-03-28,7.5,3.6,12.7,9.2,0,3,26,1013.8,9.3,9.6,0.3,0.01,0.035,0.003,36.3,7.3,44,30.6,827
seoul,89,14,2020-03-29,7.4,-1,15.5,16.4,0,1.7,45.4,1014,11.4,10.4,0.4,0.018,0.031,0.003,42,15.3,42,35,869
seoul,90,14,2020-03-30,8.6,1.4,16.2,14.8,0,1.5,51.4,1013.1,11.5,11.8,0.5,0.032,0.029,0.004,48.7,23.7,31,34.2,900
seoul,91,14,2020-03-31,10.5,1.7,18.3,16.6,0,1.6,49.5,1010.1,9.6,12.5,0.5,0.037,0.026,0.004,47,23.3,43,37.2,943
seoul,92,14,2020-04-01,11.1,5,18.1,13.1,0,3,44.9,1007.5,8.5,13.4,0.5,0.019,0.043,0.004,67.7,27.7,52,42.4,995
seoul,93,14,2020-04-02,8.3,1.2,15.5,14.3,0,2.1,56.8,1014.6,10.8,11.8,0.5,0.024,0.032,0.003,38.3,23,35,40.6,1030
seoul,94,14,2020-04-03,9,1.7,16.4,14.7,0,2.3,61.6,1013.5,11.3,12.5,0.5,0.024,0.036,0.004,53,29.3,42,40.6,1072
seoul,95,14,2020-04-04,8.8,4.2,14,9.8,0,3.2,40.6,1011.6,10.5,12.4,0.4,0.014,0.04,0.003,67.7,24.3,32,40.8,1104
seoul,96,15,2020-04-05,7.1,0.6,13.9,13.3,0,2.4,34,1014.8,11.8,11.5,0.4,0.012,0.04,0.003,46.3,19.3,24,37,1128
seoul,97,15,2020-04-06,8.3,0.3,16.1,15.8,0,2.1,52.3,1013,11.2,12.5,0.5,0.026,0.031,0.003,50,18.7,13,29.2,1141
seoul,98,15,2020-04-07,9.8,3.8,17,13.2,0,2.2,64.1,1008.3,9.1,13.2,0.4,0.023,0.033,0.004,51.7,22,12,24.6,1153
seoul,99,15,2020-04-08,9.1,3.1,14.6,11.6,0,3,37.8,1010.8,11.9,13.1,0.4,0.014,0.038,0.003,42,16.7,14,19,1167
seoul,100,15,2020-04-09,8.5,2,15,13,0,2.4,52.9,1014.5,11.6,13.1,0.4,0.017,0.038,0.003,46.3,22,10,14.6,1177
seoul,101,15,2020-04-10,9.6,3.4,15.6,12.2,0,1.8,60,1017,8.6,13.8,0.5,0.023,0.036,0.003,43.3,24.3,14,12.6,1191
seoul,102,15,2020-04-11,9,3.9,15.2,11.4,0,2,69.2,1012,9.7,13.6,0.4,0.019,0.036,0.003,36.3,20.7,9,11.8,1200
seoul,103,16,2020-04-12,9.2,2.6,15.3,12.8,0,2.9,62.3,1007.4,9.1,12.5,0.4,0.013,0.037,0.002,30.3,18,3,10,1203
seoul,104,16,2020-04-13,11.2,3.2,19.6,16.5,0,2.4,43.2,1006.9,11.3,15,0.3,0.016,0.037,0.003,24.7,11,2,7.6,1205
seoul,105,16,2020-04-14,11.5,3.8,19.6,15.8,0,2.1,49.5,1009.1,12,15.9,0.5,0.028,0.041,0.003,49,27.3,7,7,1212
seoul,106,16,2020-04-15,11.9,4,20.3,16.4,0,1.7,48.5,1007.5,10.7,15.6,0.5,0.031,0.048,0.004,60.3,34.7,8,5.8,1220
seoul,107,16,2020-04-16,14.5,6,22.8,16.8,0,1.9,47.6,1009,10.7,17.7,0.5,0.029,0.045,0.003,51.7,28.7,2,4.4,1222
seoul,108,16,2020-04-17,11.6,8.9,14.9,6,7,2.2,84.1,1005.2,0.6,12.2,0.4,0.021,0.035,0.003,39.3,20,3,4.4,1225
seoul,109,16,2020-04-18,12.9,7.7,19.1,11.4,0.3,2,73.5,1008.7,11.4,16.9,0.4,0.014,0.036,0.003,27.7,13,4,4.8,1229
seoul,110,17,2020-04-19,11.6,8.6,16.1,7.5,9.4,1.7,81.3,1007,0.3,12.4,0.4,0.018,0.028,0.003,23.7,14.7,1,3.6,1230
seoul,111,17,2020-04-20,9.9,6.3,13.4,7,0.4,2.8,79.7,1003.4,2,11,0.4,0.014,0.037,0.003,14.7,8,1,2.2,1231
seoul,112,17,2020-04-21,7.2,3.8,10.8,7,0.1,4.1,51.4,1006.7,10.7,10.3,0.3,0.01,0.037,0.003,33.7,8,2,2.2,1233
seoul,113,17,2020-04-22,6.3,4,9.4,5.4,0,4.1,48.1,1008.8,7.1,9.2,0.3,0.008,0.034,0.002,83.3,9.3,0,1.6,1233
seoul,114,17,2020-04-23,7.9,2.5,13.7,11.2,0,3.6,51,1008.4,11.4,11.5,0.3,0.01,0.035,0.003,43.3,10.7,1,1,1234
seoul,115,17,2020-04-24,9.5,2,15,13,0,3.5,60.7,1005.9,11.5,13.2,0.4,0.017,0.042,0.003,39.7,12,1,1,1235
seoul,116,17,2020-04-25,12.6,7.2,17.9,10.7,0,3.5,60.7,1002.2,8,14.5,0.4,0.013,0.056,0.003,57.3,21.3,3,1.4,1238
seoul,117,18,2020-04-26,11.8,4.9,18.8,13.8,0,2.7,50.7,1009.8,12,16.1,0.4,0.011,0.042,0.003,29.3,13,0,1,1238
seoul,118,18,2020-04-27,11.6,5.6,17.8,12.2,0.3,2.2,57.5,1012.3,9.9,15.9,0.4,0.018,0.039,0.003,32,15.3,2,1.4,1240
seoul,119,18,2020-04-28,12.8,5.1,19.7,14.6,0,2.6,59,1012.2,12.3,17.2,0.4,0.021,0.043,0.003,36,18.3,1,1.4,1241
seoul,120,18,2020-04-29,13.8,7.5,21.1,13.6,0,2.1,56.8,1011.9,12,18.3,0.5,0.022,0.049,0.003,41.3,22.7,1,1.4,1242
seoul,121,18,2020-04-30,15.7,6.4,22.9,16.5,0,2.2,67.3,1008.6,8.9,19.9,0.4,0.021,0.042,0.003,35.3,17.7,0,0.8,1242
seoul,122,18,2020-05-01,19.2,15.1,25.4,10.4,0,2.1,80.9,1005.8,5.6,22.6,0.4,0.01,0.045,0.003,47.7,27,0,0.8,1242
seoul,123,18,2020-05-02,19.4,16.8,23.4,6.6,0.1,1.6,87.5,1004.1,0.7,20.7,0.4,0.011,0.034,0.003,46.3,25.7,0,0.4,1242
seoul,124,19,2020-05-03,20.6,15.9,26.5,10.6,0.1,1.7,77,998.8,5.7,23.2,0.4,0.013,0.032,0.003,28,16.3,0,0.2,1242
seoul,125,19,2020-05-04,18.9,13.5,25.1,11.6,0,1.8,72.3,1000.8,10.2,25.4,0.4,0.017,0.033,0.003,35,16,0,0,1242
seoul,126,19,2020-05-05,14.6,10.9,19.7,8.8,0.7,1.4,79.2,1004.4,3.5,16.6,0.5,0.023,0.023,0.003,36,17.7,0,0,1242
seoul,127,19,2020-05-06,18,9.2,26.8,17.6,0,1.5,59.7,1006.7,11.7,23,0.4,0.024,0.032,0.003,35,16,0,0,1242
seoul,128,19,2020-05-07,19.5,12.5,25.7,13.2,0,2,38.7,1010,9.1,23,0.3,0.02,0.041,0.003,29.3,11.3,1,0.2,1243
seoul,129,19,2020-05-08,18.5,13.1,25.3,12.2,3,1.8,43.5,1007.3,7.3,24.1,0.3,0.023,0.042,0.003,28.3,11.7,1,0.4,1244
seoul,130,19,2020-05-09,14.3,12.3,16.8,4.5,32.8,2.5,97.2,997.7,0,15.6,0.4,0.013,0.035,0.002,13,8.3,16,3.6,1260
seoul,131,20,2020-05-10,14.1,12.4,16.7,4.3,0.9,1.9,93.7,999.8,0.5,16,0.5,0.01,0.047,0.003,27.7,19,21,7.8,1281
seoul,132,20,2020-05-11,15.8,11.4,21.7,10.3,2,2,68.8,1000.6,7.8,18.4,0.5,0.017,0.046,0.003,110,27,26,13,1307
seoul,133,20,2020-05-12,14,9.2,19.3,10.2,1.3,2.2,75.3,998,6.6,17.1,0.4,0.014,0.038,0.003,40.7,14,21,17,1328
seoul,134,20,2020-05-13,15.2,8.3,21.8,13.5,0,2.2,57.4,1007.9,12.5,18.4,0.3,0.018,0.033,0.003,31.7,9,15,19.8,1343
seoul,135,20,2020-05-14,18.2,10.5,25,14.5,0,1.3,45.6,1008.9,6.8,19.8,0.4,0.031,0.03,0.004,42.3,11.7,21,20.8,1364
seoul,136,20,2020-05-15,15.5,13.8,19.8,6,12.3,2.1,88.4,1001.6,0,16.1,0.4,0.022,0.028,0.003,29.7,11.7,19,20.4,1383
seoul,137,20,2020-05-16,16.5,14.5,19.9,5.4,1.3,1.2,93.2,999.4,0.4,18.2,0.4,0.017,0.032,0.003,20.7,13,7,16.6,1390
seoul,138,21,2020-05-17,18.5,14.7,23.7,9,0,1.5,85.1,998,4.8,21,0.5,0.013,0.04,0.002,38.7,25,4,13.2,1394
seoul,139,21,2020-05-18,18.4,12.8,26.8,14,34.9,2.2,85.6,991.2,3.8,20.9,0.5,0.018,0.036,0.003,42.7,25.7,2,10.6,1396
seoul,140,21,2020-05-19,12.9,9.7,17.3,7.5,9.6,2.5,78.7,993.4,3.8,16.6,0.3,0.012,0.031,0.003,13.7,6,9,8.2,1405
seoul,141,21,2020-05-20,13.6,8.7,19.2,10.5,0,1.6,69.3,1004.5,6.6,17.4,0.3,0.013,0.026,0.003,9,4.3,22,8.8,1427
seoul,142,21,2020-05-21,16.2,9.3,21.8,12.5,0,1.3,67.6,1007.3,8.9,19.5,0.4,0.022,0.027,0.003,22,11.3,9,9.2,1436
seoul,143,21,2020-05-22,17.7,13.3,22.4,9.1,0,1.3,76.6,1005.5,2,19.6,0.4,0.024,0.037,0.003,40.7,25.7,8,10,1444
seoul,144,21,2020-05-23,19.3,15.2,24.4,9.1,0.2,1.6,73.2,1003.8,7.5,22.5,0.4,0.018,0.04,0.004,44,29,17,13,1461
seoul,145,22,2020-05-24,17,14,20.9,6.9,14,2.6,88.3,1002.3,3.5,19.5,0.4,0.009,0.039,0.003,23.7,16.3,11,13.4,1472
seoul,146,22,2020-05-25,15.7,13.2,20.2,7,0,1.5,88.2,1005.1,2.6,18.9,0.5,0.019,0.044,0.003,34.3,24.3,11,11.2,1483
seoul,147,22,2020-05-26,15.8,12.4,22.2,9.8,1.5,1.5,85.4,1002.2,3.9,18.7,0.5,0.02,0.038,0.003,35,23.3,13,12,1496
seoul,148,22,2020-05-27,16.9,11.1,23.6,12.5,0,2,73.7,1002.1,12.4,20.6,0.4,0.016,0.041,0.003,22.3,12.3,35,17.4,1531
seoul,149,22,2020-05-28,17.6,12.6,22.9,10.3,0,1.5,71.6,1002.5,9,21,0.4,0.019,0.044,0.003,26.7,16.3,65,27,1596
seoul,150,22,2020-05-29,19.3,12.4,26.8,14.4,0,1.4,71.7,1007.7,12.2,24,0.4,0.022,0.036,0.003,33.3,19,55,35.8,1651
seoul,151,22,2020-05-30,21.3,14.5,28.7,14.2,0,1.4,64,1009,12.2,26,0.5,0.022,0.053,0.003,40.7,25,24,38.4,1675
seoul,152,23,2020-05-31,20.2,15.2,26.8,11.6,0.4,1.8,70.1,1004.3,6.6,24.5,0.4,0.014,0.056,0.003,38,26.7,15,38.8,1690
seoul,153,23,2020-06-01,19.2,15.1,24.1,9.1,0.4,3.1,69.3,1002.5,11.7,25.6,0.3,0.011,0.046,0.003,18.3,8.7,29,37.6,1719
seoul,154,23,2020-06-02,17.2,13,22.2,9.3,2.5,1.7,76.1,1000.3,1.3,18.7,0.4,0.022,0.031,0.003,25.7,13.3,36,31.8,1755
seoul,155,23,2020-06-03,21.2,17.2,27,9.8,0.1,1.8,79.7,996.7,9.3,26.5,0.4,0.014,0.052,0.003,43.7,22,45,29.8,1800
seoul,156,23,2020-06-04,21.2,18.4,25.6,7.2,0.2,2.1,86,996.9,4.5,25.6,0.4,0.013,0.05,0.003,43.7,21,33,31.6,1833
seoul,157,23,2020-06-05,21.9,17.6,27.5,9.9,0,1.4,76.2,1000,9.2,27.5,0.5,0.018,0.052,0.003,47.7,23.7,31,34.8,1864
seoul,158,23,2020-06-06,23.2,16.9,29.6,12.7,0,1.5,71.3,1001,10.4,28.7,0.5,0.02,0.059,0.003,58.3,32.3,40,37,1904
seoul,159,24,2020-06-07,21.7,17.9,27.5,9.6,0,1.8,76.7,1004.7,8,28.1,0.5,0.01,0.053,0.003,46,24.7,52,40.2,1956
seoul,160,24,2020-06-08,23.7,18.3,30.4,12.2,0,1.6,71.1,1007.5,11,30.4,0.4,0.017,0.046,0.003,43,21.3,33,37.8,1989
seoul,161,24,2020-06-09,25.3,18,32.3,14.3,0,1.6,60.3,1007,12.5,31.1,0.4,0.024,0.046,0.003,51.7,23,33,37.8,2022
seoul,162,24,2020-06-10,24.6,19.6,31.1,11.5,7.1,1.4,71.3,1001.8,6,30.1,0.4,0.023,0.036,0.003,43.7,21.3,40,39.6,2062
seoul,163,24,2020-06-11,25.4,21.1,31,9.9,0.1,1.8,74.1,996.4,9.7,29.7,0.3,0.013,0.032,0.003,28.3,15.3,40,39.6,2102
seoul,164,24,2020-06-12,22.9,19.4,26.9,7.6,0,1.1,80.4,997.9,1.5,25.4,0.5,0.029,0.024,0.004,43,19,42,37.6,2144
seoul,165,24,2020-06-13,25.3,18.8,31.9,13.1,1.3,1.5,64.7,997.1,10.9,31.9,0.5,0.02,0.056,0.003,49.3,23.7,43,39.6,2187
seoul,166,25,2020-06-14,23.3,19.4,28.4,9,1.2,2.3,76.1,997,8,28.8,0.4,0.01,0.051,0.003,37.3,19,29,38.8,2216
seoul,167,25,2020-06-15,21.9,17.2,27.3,10.2,0,2.4,70.4,999.1,10.8,28.5,0.4,0.015,0.046,0.003,27,12.7,22,35.2,2238
seoul,168,25,2020-06-16,23,18.4,28.8,10.3,0,1.6,70.7,998.6,8.7,31.1,0.5,0.016,0.079,0.003,56,35,19,31,2257
seoul,169,25,2020-06-17,22.6,17.7,28.5,10.8,0,1.6,70.9,998.2,7.4,29.4,0.6,0.021,0.055,0.004,45,30.7,28,28.2,2285
seoul,170,25,2020-06-18,21.9,18.3,25.9,7.6,0,1.1,73.5,996,0.7,26.6,0.5,0.021,0.043,0.003,37.3,21.7,42,28,2327
seoul,171,25,2020-06-19,23.7,19.5,29.2,9.8,0.5,1.7,69.4,999.3,8.1,29,0.4,0.015,0.042,0.003,25.3,14,26,27.4,2353
seoul,172,25,2020-06-20,23.5,18.7,29.1,10.4,0,1.7,73.2,1002.8,12,31.3,0.5,0.016,0.049,0.003,38.3,22.7,27,28.4,2380
seoul,173,26,2020-06-21,24.5,17.9,31.4,13.5,0,1.5,69.1,1000.8,12.6,32.9,0.4,0.012,0.05,0.003,33.7,21,24,29.4,2404
seoul,174,26,2020-06-22,26.5,19.3,34.1,14.7,0,1.4,62.4,1000.9,12.7,34.4,0.5,0.021,0.046,0.003,39.7,21,7,25.2,2411
seoul,175,26,2020-06-23,25.3,20.8,30,9.2,0,1.4,65.4,1001.1,5.2,31,0.4,0.027,0.044,0.004,41.7,22.7,11,19,2422
seoul,176,26,2020-06-24,21.3,19.3,24.7,5.4,39.8,2.1,90,995.9,0,22.2,0.4,0.019,0.032,0.003,28.7,18,19,17.6,2441
seoul,177,26,2020-06-25,21,19.4,23,3.7,8,1.7,95.2,994.5,0,22.7,0.4,0.012,0.031,0.002,14.3,7.7,18,15.8,2459
seoul,178,26,2020-06-26,21.3,19,25.4,6.5,1.6,2.6,86.8,999.1,5.2,23.5,0.4,0.012,0.043,0.003,21.3,13,19,14.8,2478
seoul,179,26,2020-06-27,23.1,19.3,28.1,8.8,0,1.4,78.6,998.2,7.3,26.4,0.4,0.015,0.042,0.003,24.3,14.3,27,18.8,2505
seoul,180,27,2020-06-28,23.9,19.5,29,9.5,0,1.7,79,997.5,11.1,28.7,0.4,0.01,0.042,0.003,27.7,17,26,21.8,2531
seoul,181,27,2020-06-29,22.5,18.4,26.1,7.7,14.6,1.7,85.2,994.6,1.7,24.2,0.5,0.018,0.034,0.003,35.7,23.3,21,22.2,2552
seoul,182,27,2020-06-30,19.8,17.8,22.6,4.8,40.7,3,86.8,987,0,20.9,0.3,0.009,0.038,0.002,8.7,4,13,21.2,2565
seoul,183,27,2020-07-01,20.3,17.3,23.9,6.6,0.5,1.3,86.8,997.7,1.9,22.2,0.4,0.016,0.03,0.003,23.3,13,20,21.4,2585
seoul,184,27,2020-07-02,23.2,18.7,28.4,9.7,0.1,1.3,79.7,1003.7,7.1,25.8,0.5,0.016,0.054,0.003,53.7,36.7,18,19.6,2603
seoul,185,27,2020-07-03,23.7,19.5,29.5,10,0.3,1.8,74.7,1003.3,7.5,26.3,0.4,0.017,0.035,0.003,35.7,22.3,29,20.2,2632
seoul,186,27,2020-07-04,22.8,19,28,9,0.8,1.5,75.6,999.8,9.3,27,0.4,0.013,0.044,0.003,23.3,15,21,20.2,2653
seoul,187,28,2020-07-05,22.5,18.1,27.4,9.3,0,1.4,77.1,997.2,8.7,27.5,0.4,0.011,0.05,0.003,28.7,21.3,18,21.2,2671
seoul,188,28,2020-07-06,24.3,19.8,29.5,9.7,0,1.4,75.9,993.9,7.7,28.9,0.4,0.016,0.045,0.003,25.3,16.3,12,19.6,2683
seoul,189,28,2020-07-07,23.4,21,27.5,6.5,0,1.8,81.7,997,4.8,27.8,0.3,0.012,0.036,0.003,17.7,10.3,12,18.4,2695
seoul,190,28,2020-07-08,24,19.7,29.4,9.7,0,1.6,80.6,997.6,10.4,30.1,0.4,0.016,0.04,0.003,30.3,18.3,17,16,2712
seoul,191,28,2020-07-09,25.7,20,31.7,11.7,0,1.2,74.4,996.8,8.6,31.5,0.5,0.019,0.051,0.003,45.7,29.7,10,13.8,2722
seoul,192,28,2020-07-10,23.7,21.4,26.8,5.4,14.1,2.2,79.8,995.2,3.2,25.7,0.4,0.013,0.032,0.003,17.3,10.7,10,12.2,2732
seoul,193,28,2020-07-11,24.9,21,29.4,8.4,0,2.1,68.7,1000.2,6.7,27.7,0.3,0.009,0.036,0.002,8.7,4,9,11.6,2741
seoul,194,29,2020-07-12,22.3,19.9,25,5.1,3.1,1.8,79.8,1002.1,0.3,23.8,0.3,0.01,0.027,0.002,12.7,7,15,12.2,2756
seoul,195,29,2020-07-13,18.7,17.5,21.2,3.8,40.6,3,94.9,995.9,0,20.4,0.3,0.009,0.027,0.002,7.3,3.7,13,11.4,2769
seoul,196,29,2020-07-14,20,17,23.5,6.5,11.9,2.2,80.4,996.6,0.6,22.1,0.3,0.01,0.023,0.002,7.3,2.7,11,11.6,2780
seoul,197,29,2020-07-15,21.9,17.9,27.2,9.4,0.3,1.4,74,998.3,8.6,25.3,0.3,0.014,0.023,0.003,13.7,5.3,9,11.4,2789
seoul,198,29,2020-07-16,23.5,18.6,28.8,10.2,0,1.4,78.9,999.7,10.1,26.7,0.4,0.018,0.033,0.003,26.3,13.7,11,11.8,2800
seoul,199,29,2020-07-17,24.6,20,30.2,10.2,0.8,1.5,81,1001.1,10,28.5,0.4,0.018,0.035,0.003,34,18.7,12,11.2,2812
seoul,200,29,2020-07-18,24.5,20.9,29.3,8.5,1,1.3,80.6,1001.2,7.3,27.7,0.5,0.018,0.042,0.003,37.7,23.3,9,10.4,2821
seoul,201,30,2020-07-19,23.8,20.3,27,6.8,20.1,2.1,86.8,997.5,0.1,23.6,0.4,0.01,0.028,0.003,22,13.7,10,10.2,2831
seoul,202,30,2020-07-20,23.5,21.8,26.4,4.6,3.5,3.1,90.6,998.6,0.3,24.3,0.4,0.01,0.032,0.003,20,10.3,2,8.8,2833
seoul,203,30,2020-07-21,24.3,21,29.4,8.4,0,1.2,82.3,1004.5,6.4,26.8,0.5,0.015,0.049,0.003,29.7,19,19,10.4,2852
seoul,204,30,2020-07-22,22.7,21.3,25.1,3.8,27.8,1.1,94.9,1002.6,0,24,0.5,0.022,0.025,0.003,25.7,16.7,28,13.6,2880
seoul,205,30,2020-07-23,20.9,18.5,22.8,4.2,93.9,2.6,96.2,998.4,0,22,0.5,0.018,0.02,0.003,29.3,17.7,30,17.8,2910
seoul,206,30,2020-07-24,22.3,18.7,26.4,7.7,4.7,3.6,77.1,992,2.5,22.1,0.3,0.008,0.03,0.002,6,2.3,24,20.6,2934
seoul,207,30,2020-07-25,24.2,21.6,28.2,6.6,0,2.7,71.1,996.3,3.9,24.2,0.3,0.007,0.023,0.003,6.3,3,22,24.6,2956
seoul,208,31,2020-07-26,24.4,21.1,28.8,7.8,0.1,1.7,76.3,1000.1,6.1,25.9,0.3,0.009,0.03,0.003,11,6,10,22.8,2966
seoul,209,31,2020-07-27,23.5,21.7,25.5,3.8,2.7,1.2,91.9,1001.3,0.1,25.3,0.4,0.017,0.016,0.003,20,11.3,8,18.8,2974
seoul,210,31,2020-07-28,24,21.8,26.5,4.6,0.9,1.2,88.9,1003.2,1.4,25.5,0.4,0.018,0.015,0.003,15.3,6.7,4,13.6,2978
seoul,211,31,2020-07-29,23.7,22.2,25.5,3.4,42.6,1.2,97.2,1004.6,0.1,24.8,0.4,0.018,0.013,0.003,12,5.7,13,11.4,2991
seoul,212,31,2020-07-30,24.4,21.9,28.1,6.3,8.2,1.5,91.1,1006.1,4.4,27.3,0.4,0.015,0.025,0.003,18.7,10.7,7,8.4,2998
seoul,213,31,2020-07-31,25.1,20.9,29.4,8.5,4.8,1.3,89.4,1006.7,4.7,27.6,0.4,0.015,0.022,0.003,23.7,14,12,8.8,3010
daegu,1,1,2020-01-01,-0.6,-6.7,4.3,11,0,3,58.8,1016.6,6.3,-1.4,0.6,0.014,0.025,0.004,23,16,0,0,0
daegu,2,1,2020-01-02,1.9,-3,6.6,9.6,0,2.5,64.4,1014.4,6.5,0.5,0.7,0.021,0.022,0.004,52.5,37.5,0,0,0
daegu,3,1,2020-01-03,2.7,-1.5,7.7,9.3,0,2.6,56.1,1011.3,8,1.2,0.7,0.024,0.024,0.005,64.5,45,0,0,0
daegu,4,1,2020-01-04,1.7,-3.4,8.1,11.4,0,2.4,56.9,1010.9,7.3,0.4,0.8,0.025,0.022,0.005,48,33.5,0,0,0
daegu,5,2,2020-01-05,0.8,-5.4,9.1,14.5,0,1.1,61.8,1016.5,7.9,0.5,0.8,0.027,0.016,0.004,46,33.5,0,0,0
daegu,6,2,2020-01-06,1.7,-2.7,4.3,7.1,8.2,0.8,82.6,1013.8,0,1.2,0.9,0.033,0.006,0.004,48,36.5,0,0,0
daegu,7,2,2020-01-07,6.7,3.2,11.8,8.7,42.4,0.8,98.2,998.7,0,5.6,1,0.033,0.007,0.005,31,25.5,0,0,0
daegu,8,2,2020-01-08,6.8,4.1,13.3,9.2,1.3,4,74.1,998.5,2.6,6.3,0.6,0.011,0.028,0.004,14.5,9.5,0,0,0
daegu,9,2,2020-01-09,1.9,-1.3,5.8,7.1,0,3,62.8,1008.1,7.7,1.9,0.6,0.015,0.031,0.004,37,27,0,0,0
daegu,10,2,2020-01-10,1.1,-4.3,8.3,12.6,0,1.4,65.8,1008.6,8.2,1.3,0.7,0.028,0.017,0.004,45.5,33,0,0,0
daegu,11,2,2020-01-11,1.8,-2.7,7.5,10.2,0,2,59.5,1005,8.3,1.2,0.7,0.023,0.026,0.005,47,35,0,0,0
daegu,12,3,2020-01-12,1.5,-1.1,5.3,6.4,0,3,57,1002.6,7.8,1.4,0.6,0.013,0.033,0.004,35,25,0,0,0
daegu,13,3,2020-01-13,0.6,-2.4,4.5,6.9,0,3.1,51.9,1007.4,7.3,0.4,0.5,0.014,0.029,0.004,21.5,12.5,0,0,0
daegu,14,3,2020-01-14,0.2,-3.3,5.5,8.9,0,2.1,47.1,1010.7,7,0.3,0.6,0.019,0.025,0.004,29,20,0,0,0
daegu,15,3,2020-01-15,-0.7,-5.2,4.7,9.9,0,2.3,52.1,1013.1,8.5,-0.7,0.6,0.022,0.021,0.004,36,25.5,0,0,0
daegu,16,3,2020-01-16,-0.7,-5.8,6.4,12.2,0,1.5,51.4,1011.7,7.3,-0.4,0.6,0.026,0.016,0.004,35,23,0,0,0
daegu,17,3,2020-01-17,0.5,-4.3,7.7,12,0,1.1,59.3,1008.2,5.6,0.5,0.7,0.034,0.01,0.004,43.5,28,0,0,0
daegu,18,3,2020-01-18,2,-2.4,7.6,10,1.1,1.6,58.6,1006.4,3,1.8,0.6,0.03,0.016,0.004,43,29.5,0,0,0
daegu,19,4,2020-01-19,2.4,-3.2,7.5,10.7,0,2.2,57.4,1004.7,3.9,0.8,0.7,0.021,0.03,0.004,53.5,39,0,0,0
daegu,20,4,2020-01-20,3,-0.5,7.1,7.6,0,2.9,52.4,1007.5,6.7,2.1,0.7,0.019,0.029,0.004,57,35.5,0,0,0
daegu,21,4,2020-01-21,0.4,-5,7,12,0,1.5,49.3,1015.6,8.7,0.8,0.6,0.024,0.022,0.004,34,19,0,0,0
daegu,22,4,2020-01-22,2.7,-1.2,5.7,6.9,1.2,0.8,62,1011.7,0,1.6,0.8,0.038,0.006,0.006,53.5,35.5,0,0,0
daegu,23,4,2020-01-23,4.9,2,9.1,7.2,4.1,0.9,90.2,1009.4,1,5.1,0.8,0.028,0.009,0.004,37.5,28.5,0,0,0
daegu,24,4,2020-01-24,4.9,0.3,11.2,10.9,2.9,1.6,82.4,1016,5.1,4.7,0.7,0.019,0.023,0.004,43.5,30.5,0,0,0
daegu,25,4,2020-01-25,5.6,2.7,9.3,6.6,0.4,1,80.4,1016.1,0.6,5.4,0.6,0.014,0.026,0.004,23.5,12,0,0,0
daegu,26,5,2020-01-26,5.5,0.1,10.7,10.5,0.8,2.4,78.5,1013.6,3.5,4.7,0.6,0.013,0.023,0.003,18,10,0,0,0
daegu,27,5,2020-01-27,6.3,4.7,7.9,3.1,20.3,4.1,81.2,1005.8,0,5.2,0.4,0.007,0.036,0.003,8.5,3.5,0,0,0
daegu,28,5,2020-01-28,6.5,2.9,10.1,7.2,3.7,2.5,77.3,1003.3,1.3,6.2,0.5,0.016,0.025,0.004,13,6.5,0,0,0
daegu,29,5,2020-01-29,5.2,1.5,9.9,8.4,0.1,1.6,73.1,1001.8,2.8,5,0.6,0.019,0.019,0.004,21,10.5,0,0,0
daegu,30,5,2020-01-30,4.1,1,8.5,7.5,0.8,1.7,73.8,1001.2,2.6,4,0.5,0.015,0.026,0.004,18.5,9.5,0,0,0
daegu,31,5,2020-01-31,3.1,-0.5,8,8.5,0,1.3,76.6,1005.7,2.6,3.8,0.6,0.02,0.021,0.004,27,17,0,0,0
daegu,32,5,2020-02-01,2.4,-2.3,7.6,9.9,0,2.1,69.7,1009.9,6.2,2.1,0.8,0.02,0.029,0.004,63,49,0,0,0
daegu,33,6,2020-02-02,2.5,-2.6,8.8,11.4,0,1.6,64.9,1010.6,8.2,2.4,0.9,0.021,0.027,0.004,75.5,59,0,0,0
daegu,34,6,2020-02-03,1.9,-2.2,6.5,8.7,0,2.7,49.7,1011.3,7.8,2.2,0.6,0.017,0.031,0.004,37,26.5,0,0,0
daegu,35,6,2020-02-04,0.8,-5.8,6.9,12.7,0,2,48.5,1011.5,9.2,1.3,0.6,0.021,0.024,0.004,29.5,18.5,0,0,0
daegu,36,6,2020-02-05,-2.5,-6.5,2.6,9.1,0,3.8,35.2,1014.1,9.3,0.6,0.5,0.012,0.032,0.003,23,13.5,0,0,0
daegu,37,6,2020-02-06,-3.6,-10,3.4,13.4,0.1,1.6,54.8,1018.5,8.4,-1,0.5,0.021,0.02,0.003,25.5,14.5,0,0,0
daegu,38,6,2020-02-07,-0.4,-6.8,6.4,13.2,0,2.2,53.3,1013.6,8.3,0.4,0.6,0.024,0.019,0.004,40.5,27.5,0,0,0
daegu,39,6,2020-02-08,1.6,-2.2,6.4,8.6,0.3,3,53.1,1011.5,8.5,2.3,0.6,0.013,0.034,0.004,38.5,28,0,0,0
daegu,40,7,2020-02-09,0.7,-6.1,7,13.1,0.2,2.1,51.3,1010.4,9.2,1.8,0.6,0.013,0.033,0.004,31.5,21,0,0,0
daegu,41,7,2020-02-10,3.9,-1.3,10.7,12.1,0,2.3,54.8,1009.7,9,3.9,0.6,0.023,0.029,0.005,45,31,0,0,0
daegu,42,7,2020-02-11,4.7,-4.3,13.3,17.6,0,1.3,60.8,1014.3,8.3,4.2,0.8,0.032,0.019,0.004,58.5,40,0,0,0
daegu,43,7,2020-02-12,6.4,3.7,8.9,5.2,12,0.9,91.5,1004.1,0,5.6,0.8,0.034,0.01,0.004,57,45.5,0,0,0
daegu,44,7,2020-02-13,9.4,4,14.9,10.9,0,2.2,78.2,1004.3,6.8,9.2,0.6,0.02,0.022,0.004,26.5,19,0,0,0
daegu,45,7,2020-02-14,8.1,2.7,16.7,14,0,1.2,74.1,1007,7.2,7.9,0.7,0.025,0.021,0.004,46,31.5,0,0,0
daegu,46,7,2020-02-15,9.5,3.4,15.7,12.3,0.8,1.5,81.4,1005.7,4.4,8.6,0.7,0.019,0.032,0.004,48.5,33.5,0,0,0
daegu,47,8,2020-02-16,3.5,-1.5,10,11.5,3.7,3.9,72.9,996.9,3.1,6.2,0.5,0.008,0.033,0.003,17,10.5,0,0,0
daegu,48,8,2020-02-17,-2.5,-5.1,0.5,5.6,0.2,4.4,57.1,1001.6,6.4,1.1,0.4,0.007,0.034,0.003,20,11,0,0,0
daegu,49,8,2020-02-18,-1.5,-6.8,4.2,11,0,3.2,48.1,1011.4,9.8,1,0.4,0.013,0.03,0.004,23,14.5,1,0.2,1
daegu,50,8,2020-02-19,2.6,-3.9,10,13.8,0,1.8,53.1,1015.3,9.4,3.3,0.5,0.021,0.028,0.004,30,19,13,2.8,14
daegu,51,8,2020-02-20,4.6,-1.9,12.9,14.7,0,1.2,61.5,1019.2,9.3,4.9,0.6,0.029,0.023,0.005,49.5,33.5,35,9.8,49
daegu,52,8,2020-02-21,6.8,-1.9,14.6,16.6,0.1,1.5,62.8,1016.5,7.2,6.6,0.5,0.025,0.027,0.005,54.5,33,62,22.2,111
daegu,53,8,2020-02-22,6.9,2.1,10.8,8.7,0.8,4.1,51.1,1009.3,8.2,7.5,0.4,0.009,0.04,0.003,64.5,22,131,48.4,242
daegu,54,9,2020-02-23,3.7,-1.4,10.1,11.5,0,2.7,43.1,1014.1,10,5,0.4,0.01,0.036,0.003,24.5,11.5,113,70.8,355
daegu,55,9,2020-02-24,7.1,-2.2,16.2,18.4,0,1.5,43.6,1010.2,8.4,6.7,0.5,0.025,0.021,0.004,33,17.5,171,102.4,526
daegu,56,9,2020-02-25,6.1,4.6,8.6,4,36.7,1.7,94,1004.9,0,6.2,0.5,0.019,0.026,0.003,16.5,10.5,103,116,629
daegu,57,9,2020-02-26,6.9,3.9,11.2,7.3,1.4,1.8,84.4,1009.4,1.3,7.9,0.4,0.015,0.03,0.003,18.5,10.5,220,147.6,849
daegu,58,9,2020-02-27,4.3,0.6,8.4,7.8,0.1,1.7,74.1,1015.1,2.8,6.4,0.4,0.01,0.032,0.003,14.5,7,393,200,1242
daegu,59,9,2020-02-28,3,-0.4,6.5,6.9,1.1,1,89.3,1010.2,0,3.6,0.4,0.02,0.015,0.003,25,16,370,251.4,1612
daegu,60,9,2020-02-29,6,1.4,12,10.6,0,1.3,84.6,1004.8,4.5,7.4,0.4,0.018,0.019,0.003,27,19,816,380.4,2428
daegu,61,10,2020-03-01,7.9,2.7,13.1,10.4,0,1.3,78.1,1004.7,2.1,8.5,0.5,0.013,0.027,0.003,31,20.5,558,471.4,2986
daegu,62,10,2020-03-02,5.8,2,10.7,8.6,0.1,3.2,54.3,936.1,9,7.6,0.5,0.011,0.038,0.003,36.5,26,445,516.4,3431
daegu,63,10,2020-03-03,5.8,-0.1,11.5,11.6,0.2,1.5,74.2,1011,4.4,6.8,0.4,0.014,0.028,0.003,23.5,13.5,581,554,4012
daegu,64,10,2020-03-04,4.8,0.4,9.8,9.4,0,4,52.2,1006.1,8.2,7.7,0.4,0.01,0.037,0.003,31,18.5,494,578.8,4506
daegu,65,10,2020-03-05,2.5,-2.2,9.3,11.4,0,2.6,49.9,1010,10.3,5.3,0.5,0.014,0.037,0.003,38.5,29.5,408,497.2,4914
daegu,66,10,2020-03-06,3.8,-4.9,13.1,17.9,0,1.4,49.8,1008.2,10.4,6,0.5,0.026,0.024,0.004,37,25,490,483.6,5404
daegu,67,10,2020-03-07,5.1,-0.4,10.2,10.6,0.4,1,66.6,1005,0.3,5.4,0.6,0.027,0.019,0.004,43,30.5,455,485.6,5859
daegu,68,11,2020-03-08,7.3,0.3,15.6,15.4,0,1.5,73.3,1005.7,9.4,9.9,0.5,0.014,0.03,0.003,32.5,23,329,435.2,6188
daegu,69,11,2020-03-09,8.3,0.2,14.8,14.5,1,1.2,78.8,1001.2,4.3,9.2,0.6,0.021,0.022,0.004,35.5,22.5,216,379.6,6404
daegu,70,11,2020-03-10,8.3,5.4,10.3,5,10.3,2.5,89.5,992.3,0,9.3,0.5,0.015,0.031,0.003,25,18.5,102,318.4,6506
daegu,71,11,2020-03-11,5.2,0.7,10.3,9.6,0,3.5,47.2,1002.6,10.6,6.4,0.4,0.01,0.035,0.003,30,13.5,149,250.2,6655
daegu,72,11,2020-03-12,7.5,-1.9,16.1,18,0,1.9,43.1,1007.7,10.6,7.6,0.4,0.018,0.029,0.004,35,14,81,175.4,6736
daegu,73,11,2020-03-13,8,2.2,14.3,12.1,0,2.5,47.6,1005.9,5.3,8.7,0.4,0.017,0.032,0.003,34.5,17,65,122.6,6801
daegu,74,11,2020-03-14,5.5,-0.3,10.7,11,0,3.2,38.5,1000.9,10.4,8.6,0.4,0.008,0.04,0.004,29,11.5,68,93,6869
daegu,75,12,2020-03-15,5.3,0.3,11.6,11.4,0.3,3.8,49.2,996.8,7.6,7.1,0.4,0.009,0.039,0.004,39,17,45,81.6,6914
daegu,76,12,2020-03-16,4.8,-1.2,11,12.2,0.5,2.4,49.1,1006.9,10.6,8.1,0.4,0.012,0.035,0.004,24.5,11.5,42,60.2,6956
daegu,77,12,2020-03-17,7.8,0.1,14.8,14.7,0,2.4,57.1,1001.8,6.1,8.4,0.4,0.018,0.038,0.004,50,27,37,51.4,6993
daegu,78,12,2020-03-18,9.6,0.8,18.3,17.5,0,1.7,53.2,1000.4,10.8,11.8,0.4,0.019,0.039,0.004,50.5,28.5,55,49.4,7048
daegu,79,12,2020-03-19,9.4,2.8,18.6,15.8,0,4.1,48.3,992.5,8.9,10.9,0.4,0.015,0.041,0.004,58.5,21,109,57.6,7157
daegu,80,12,2020-03-20,10.3,4.3,17.2,12.9,0,3.3,35.7,999.6,10.9,12.4,0.3,0.01,0.037,0.003,51,8,47,58,7204
daegu,81,12,2020-03-21,13.8,3.1,23.5,20.4,0,1.9,49,997.8,9.8,14.7,0.5,0.018,0.044,0.005,58,20.5,109,71.4,7313
daegu,82,13,2020-03-22,12.4,5.6,19,13.4,0,2.8,57.6,999.4,9.8,16,0.4,0.01,0.051,0.004,50.5,22.5,54,74.8,7367
daegu,83,13,2020-03-23,9.7,1.4,18.4,17,0,2.4,52.9,1003.5,10.9,13.4,0.4,0.014,0.039,0.004,39,17.5,26,69,7393
daegu,84,13,2020-03-24,9,1.1,17,15.9,0,1.6,59.7,1007.5,10.9,13.7,0.4,0.016,0.038,0.004,35.5,20,32,53.6,7425
daegu,85,13,2020-03-25,11.1,1.3,19.9,18.5,0,1.5,59.8,1007.4,10.8,15.1,0.4,0.018,0.039,0.004,41,25.5,19,48,7444
daegu,86,13,2020-03-26,13,6.5,19.7,13.2,2.2,1.4,74.8,1003.2,3.7,14.5,0.5,0.025,0.025,0.003,39,25,38,33.8,7482
daegu,87,13,2020-03-27,12.3,7.5,16.9,9.4,4.3,2.1,89.4,999,0.5,13.3,0.5,0.016,0.022,0.003,30.5,22,43,31.6,7525
daegu,88,13,2020-03-28,7.4,3.8,11.5,7.8,0,2.2,63.7,1006.8,1.7,9.1,0.4,0.009,0.032,0.003,36.5,11,73,41,7598
daegu,89,14,2020-03-29,6.9,0.5,13.1,12.6,0.2,1.7,73.1,1008.8,4.7,10.2,0.4,0.009,0.031,0.003,26.5,10,25,39.6,7623
daegu,90,14,2020-03-30,9.8,3.3,17.5,14.2,0,1.5,66.7,1007.3,10.4,14.5,0.4,0.013,0.032,0.003,28,12.5,25,40.8,7648
daegu,91,14,2020-03-31,11,2.2,19.4,17.2,0,1.4,64.2,1003.7,10.3,15.2,0.4,0.016,0.032,0.004,31.5,17,62,45.6,7710
daegu,92,14,2020-04-01,11.6,6.3,18.5,12.1,0.1,2.5,56.9,999.8,4.2,14.6,0.5,0.017,0.04,0.004,52.5,27.5,22,41.4,7732
daegu,93,14,2020-04-02,10.4,1.6,18.1,16.5,0,2,45.8,1007.3,10.9,14.3,0.4,0.015,0.038,0.004,35.5,17,23,31.4,7755
daegu,94,14,2020-04-03,12.2,4,19.5,15.6,0,2.4,33.1,1006.1,11.2,15.8,0.5,0.016,0.043,0.004,41,23,14,29.2,7769
daegu,95,14,2020-04-04,9.4,2.8,17.2,14.3,0,3.1,46.8,1004.5,10.1,14.3,0.4,0.013,0.045,0.004,58,24,27,29.6,7796
daegu,96,15,2020-04-05,7.3,-0.6,15.4,16.1,0,2,43.7,1007.7,11.6,13.5,0.4,0.009,0.04,0.003,32,11.5,10,19.2,7806
daegu,97,15,2020-04-06,9.7,-0.8,18.2,19,0,1.9,41.5,1005.9,10.6,14.7,0.4,0.016,0.039,0.003,42.5,21.5,14,17.6,7820
daegu,98,15,2020-04-07,13.2,5.6,20.1,14.6,0,2.8,40,1001.1,10.6,16.6,0.5,0.015,0.06,0.005,84,36.5,13,15.6,7833
daegu,99,15,2020-04-08,10,4,17,13,0,3.2,45.5,1003.6,10.8,15.7,0.4,0.011,0.048,0.003,42.5,19.5,12,15.2,7845
daegu,100,15,2020-04-09,8.8,0.6,16.5,15.9,0,2.4,54.9,1008.3,10.9,14.9,0.4,0.013,0.038,0.003,38,20.5,4,10.6,7849
daegu,101,15,2020-04-10,9.8,5.6,14.7,9.1,0,1.8,57.5,1011.8,5.9,15.9,0.4,0.01,0.038,0.003,24,13.5,7,10,7856
daegu,102,15,2020-04-11,10,3.5,15.2,11.7,0,1.5,60.7,1005.7,4.4,14.5,0.4,0.013,0.034,0.003,30,18,9,9,7865
daegu,103,16,2020-04-12,8.3,3.9,13.8,10,3.8,2.6,74.1,1000.1,3.6,10.9,0.4,0.008,0.04,0.003,23,15.5,4,7.2,7869
daegu,104,16,2020-04-13,9,3.4,16.3,12.9,0.1,3.1,49.3,999.4,7.3,12.1,0.4,0.01,0.04,0.003,17.5,8.5,7,6.2,7876
daegu,105,16,2020-04-14,12.5,0.4,22.7,22.3,0,2.3,39.4,1002,11.9,16,0.4,0.018,0.033,0.003,28.5,14.5,7,6.8,7883
daegu,106,16,2020-04-15,13.5,5.3,22.2,16.9,0,2.3,45.2,1001,9.1,16.8,0.4,0.015,0.052,0.004,44.5,24.5,6,6.6,7889
daegu,107,16,2020-04-16,12,6.3,18.2,11.9,0,2.5,64.3,1006.3,10.3,17.7,0.4,0.009,0.042,0.003,36,16,8,6.4,7897
daegu,108,16,2020-04-17,10.4,7.8,14.2,6.3,12.1,1.3,88.9,1001.4,0.9,12.6,0.4,0.017,0.026,0.003,26.5,15.5,4,6.4,7901
daegu,109,16,2020-04-18,12.2,7.4,18.5,11,0.6,2.4,76.2,1002.1,6.1,14.4,0.4,0.01,0.037,0.003,30,17,4,5.8,7905
daegu,110,17,2020-04-19,10.2,6.9,14,7.1,19.3,2,87.2,1002.1,0.1,11.5,0.4,0.009,0.037,0.003,21.5,13,2,4.8,7907
daegu,111,17,2020-04-20,12.1,8.8,18,9.2,0.6,2.8,72.5,996.4,3.5,13.9,0.4,0.008,0.045,0.003,18,11.5,3,4.2,7910
daegu,112,17,2020-04-21,9.7,4.8,15.6,10.8,0,4.2,42.8,999.3,10.5,13.6,0.3,0.007,0.043,0.003,31,9,2,3,7912
daegu,113,17,2020-04-22,7.4,3.1,12.5,9.4,0,4.2,41.7,1001.1,10.1,11.7,0.3,0.006,0.041,0.003,56,9,3,2.8,7915
daegu,114,17,2020-04-23,8.8,3.1,15.1,12,0,3.8,43.2,1001.1,10.4,13.1,0.3,0.007,0.04,0.003,50.5,12.5,3,2.6,7918
daegu,115,17,2020-04-24,10.5,3.4,17.3,13.9,0,3.3,37.1,1000.6,11.9,14.7,0.3,0.009,0.045,0.003,39.5,11.5,3,2.8,7921
daegu,116,17,2020-04-25,14.8,3.6,23.5,19.9,0,3,43.7,996.7,11,17.8,0.4,0.011,0.064,0.004,57,21.5,3,2.8,7924
daegu,117,18,2020-04-26,11.9,6.2,18.3,12.1,0.2,2.5,57.5,1003.5,10.2,18,0.4,0.007,0.051,0.003,40,20,1,2.6,7925
daegu,118,18,2020-04-27,11.1,3.8,18.5,14.7,0.2,2.2,60.4,1006.2,9,16.7,0.4,0.012,0.041,0.003,30.5,15.5,1,2.2,7926
daegu,119,18,2020-04-28,13.8,3.7,21.5,17.7,0,2.4,45.9,1005.8,12.1,18.8,0.4,0.013,0.044,0.003,31.5,16,1,1.8,7927
daegu,120,18,2020-04-29,16.3,7.5,24.8,17.3,0,2.1,45,1005.2,12,21.2,0.4,0.016,0.057,0.004,45.5,24,3,1.8,7930
daegu,121,18,2020-04-30,18.3,7.8,26.9,19.1,0,2.2,49.3,1002,12,22.8,0.4,0.013,0.055,0.004,40.5,20.5,0,1.2,7930
daegu,122,18,2020-05-01,22.2,12.7,30.6,17.9,0,2.2,62.4,999.3,11.8,26.2,0.4,0.009,0.048,0.003,48.5,25.5,1,1.2,7931
daegu,123,18,2020-05-02,22.5,17,28.6,11.6,0,2.2,62.1,997.7,5.4,25.1,0.4,0.009,0.045,0.004,49,26,0,1,7931
daegu,124,19,2020-05-03,17.7,15.4,20.5,5.1,3.3,1.4,88,994.4,0.5,19.9,0.4,0.007,0.034,0.003,32,22,3,1.4,7934
daegu,125,19,2020-05-04,20,14.2,28.1,14,0,2.6,74.6,994.9,8.9,24.2,0.4,0.008,0.037,0.003,39,20,0,0.8,7934
daegu,126,19,2020-05-05,15.5,12.7,20.2,7.5,1.8,1.6,81.6,999.2,2.3,18.7,0.4,0.01,0.029,0.003,30.5,16.5,0,0.8,7934
daegu,127,19,2020-05-06,16.1,10.4,24.3,13.9,0,2.2,73,1001.8,11.2,22.6,0.3,0.009,0.034,0.003,31,14.5,0,0.6,7934
daegu,128,19,2020-05-07,14.5,7.2,21.8,14.6,0,2.1,60.9,1006.8,11,22,0.3,0.009,0.039,0.003,20,9,0,0.6,7934
daegu,129,19,2020-05-08,16.4,6.4,23.8,17.4,1.6,1.6,63.5,1002.9,9.7,23.4,0.3,0.011,0.04,0.004,30,15,0,0,7934
daegu,130,19,2020-05-09,15.8,14.1,17.4,3.2,28.7,1.5,96.2,994.1,0,16.9,0.3,0.009,0.033,0.003,16.5,10,0,0,7934
daegu,131,20,2020-05-10,17.2,14,21.4,7.3,0.1,2.8,77.1,992.7,5.3,19.5,0.4,0.005,0.042,0.003,20,11,2,0.4,7936
daegu,132,20,2020-05-11,19.7,12.7,26.3,13.7,0,2.8,51.9,993.6,11.7,22.9,0.4,0.012,0.047,0.003,59,21,0,0.4,7936
daegu,133,20,2020-05-12,18.2,12.7,24.5,11.8,0,3.2,49.3,991,11.5,22.7,0.4,0.008,0.054,0.003,61,17.5,1,0.6,7937
daegu,134,20,2020-05-13,17.3,9.7,24.2,14.5,0,3,45.1,1001.5,12.7,23.3,0.3,0.01,0.046,0.003,45.5,11.5,2,1,7939
daegu,135,20,2020-05-14,18.8,9.6,27,17.4,0,1.5,46.5,1003.3,8.1,23.5,0.3,0.017,0.042,0.003,102.5,19.5,0,1,7939
daegu,136,20,2020-05-15,15,13.6,18.2,4.6,18.6,1.3,86.8,998.3,0,16.6,0.4,0.013,0.039,0.003,43,18,3,1.2,7942
daegu,137,20,2020-05-16,17.7,13.7,23.7,10,0,1.4,86.2,993.6,4.6,20.7,0.4,0.01,0.037,0.003,32,22,1,1.4,7943
daegu,138,21,2020-05-17,20.1,15.5,26.4,10.9,0.1,1.3,80.9,992.5,8.4,24.4,0.5,0.008,0.05,0.003,47,31.5,1,1.4,7944
daegu,139,21,2020-05-18,18.1,15.4,21.7,6.3,13.2,2.2,86.2,988.4,1.9,21.6,0.5,0.01,0.044,0.003,35.5,26,1,1.2,7945
daegu,140,21,2020-05-19,14.2,10.7,18.4,7.7,4.8,2.5,76.2,986.1,4.7,17.6,0.3,0.008,0.04,0.003,23,10,0,1.2,7945
daegu,141,21,2020-05-20,13,7.7,18.7,11,0,2,71.9,997.9,6,17.8,0.3,0.008,0.028,0.003,13,5.5,1,0.8,7946
daegu,142,21,2020-05-21,14.3,7.8,21.1,13.3,0,1.8,74.1,1002.7,8.8,20.5,0.4,0.01,0.03,0.003,28,13.5,0,0.6,7946
daegu,143,21,2020-05-22,15.7,11.3,21.1,9.8,0,1.7,75.1,1001.9,6.8,21.9,0.4,0.01,0.035,0.003,27,14,2,0.8,7948
daegu,144,21,2020-05-23,17.7,11.1,24.9,13.8,0,1.4,72.2,999.1,10.8,24.4,0.4,0.01,0.041,0.004,24,13.5,1,0.8,7949
daegu,145,22,2020-05-24,19.5,13.9,25.9,12,0.6,1.9,72.3,996.2,7.4,23.9,0.4,0.009,0.041,0.003,27.5,17.5,6,2,7955
daegu,146,22,2020-05-25,18.8,13.5,23.7,10.2,0,1.6,71.1,997.8,4.4,23.2,0.4,0.011,0.042,0.003,25,16,2,2.2,7957
daegu,147,22,2020-05-26,19.6,13.9,26.1,12.2,0.1,1.6,66.9,995,7.4,25.3,0.4,0.013,0.048,0.003,39.5,26.5,2,2.6,7959
daegu,148,22,2020-05-27,18.9,13.8,25.1,11.2,0,2.1,57.7,995.1,11.8,26.6,0.3,0.009,0.052,0.003,25.5,14,2,2.6,7961
daegu,149,22,2020-05-28,18.6,11.3,26.3,15.1,0,1.6,58.4,996.2,10.7,26.4,0.3,0.013,0.051,0.003,30.5,17.5,2,2.8,7963
daegu,150,22,2020-05-29,18.7,11.2,26.1,14.9,0,1.6,62.4,1002.2,11.2,26.7,0.4,0.013,0.052,0.003,31.5,18,0,1.6,7963
daegu,151,22,2020-05-30,19.7,11.5,27.1,15.7,0,1.6,60.9,1004.3,11.2,27.1,0.4,0.012,0.055,0.004,32.5,19,1,1.4,7964
daegu,152,23,2020-05-31,20.4,12.8,27,14.1,0,1.7,66.6,998.8,8.1,27.5,0.4,0.009,0.057,0.004,35.5,23.5,0,1,7964
daegu,153,23,2020-06-01,22,16.5,27.3,10.8,0,3,51.9,995.6,10.1,29,0.3,0.009,0.049,0.003,30,17,1,0.8,7965
daegu,154,23,2020-06-02,20.6,13.4,27,13.5,0,1.5,49.9,994.6,7.3,26.3,0.3,0.015,0.043,0.004,24.5,10,0,0.4,7965
daegu,155,23,2020-06-03,22.6,16,29.3,13.3,0,1.7,63.8,990.6,8.9,29.1,0.4,0.014,0.049,0.003,40.5,19.5,1,0.6,7966
daegu,156,23,2020-06-04,25.6,17.9,33.2,15.3,0,1.9,59.2,990.3,12.3,32.4,0.4,0.012,0.059,0.004,67,28.5,0,0.4,7966
daegu,157,23,2020-06-05,23.7,18.7,30.6,11.9,0,2.2,67.8,994.2,10,31.6,0.5,0.012,0.065,0.004,81.5,33.5,2,0.8,7968
daegu,158,23,2020-06-06,20.6,16,26.1,10.1,0,2.1,68.6,997.5,8.3,28.8,0.5,0.008,0.056,0.003,60,26,1,0.8,7969
daegu,159,24,2020-06-07,21.3,13.7,28.7,15,0,1.5,61.2,999.3,10.9,30.3,0.4,0.008,0.052,0.004,32,14.5,1,1,7970
daegu,160,24,2020-06-08,24.6,16.2,32.6,16.4,0,1.6,60.1,1001.2,12.7,32.9,0.4,0.015,0.059,0.004,48.5,23.5,0,0.8,7970
daegu,161,24,2020-06-09,26.4,18.5,34.8,16.3,0,1.6,57.8,1000.9,12.7,34.6,0.4,0.014,0.065,0.004,56.5,30.5,0,0.8,7970
daegu,162,24,2020-06-10,25.9,19.2,33.4,14.1,5.3,1.6,65.1,996.1,10.1,34.3,0.4,0.013,0.056,0.004,45,27,0,0.4,7970
daegu,163,24,2020-06-11,23.9,19.7,29.9,10.2,25.4,1.4,82.8,990.8,7.8,27.8,0.4,0.011,0.041,0.003,23,14.5,0,0.2,7970
daegu,164,24,2020-06-12,23.2,19.2,28.2,9,15,1.2,82,992.5,1.5,25.8,0.5,0.014,0.038,0.003,38.5,28,1,0.2,7971
daegu,165,24,2020-06-13,23.5,19,29,10.1,6.7,1.2,83.5,992.3,6.7,27.1,0.4,0.008,0.043,0.002,19,11,0,0.2,7971
daegu,166,25,2020-06-14,24.6,21.3,29.5,8.2,22.4,2.2,79.1,990.3,4.6,26.3,0.3,0.007,0.035,0.002,15.5,9,1,0.4,7972
daegu,167,25,2020-06-15,23.9,18,29.5,11.6,0,2.3,61.5,992.8,12.1,26.4,0.3,0.01,0.05,0.003,27.5,14,0,0.4,7972
daegu,168,25,2020-06-16,22.5,16.8,28.7,12,0,1.8,61.9,993.4,11.9,28.9,0.3,0.011,0.05,0.003,27,13.5,0,0.4,7972
daegu,169,25,2020-06-17,21.9,15.7,27.4,11.7,0,1.3,68,992.9,6.4,27.2,0.3,0.015,0.043,0.003,30.5,15.5,1,0.4,7973
daegu,170,25,2020-06-18,19.6,17.4,22.3,4.9,2.2,1.3,82.5,990.9,0,22.5,0.3,0.011,0.042,0.003,22.5,14.5,1,0.6,7974
daegu,171,25,2020-06-19,21.3,16.7,27.2,10.5,0.1,2,76.7,993.8,7.1,26.1,0.3,0.011,0.044,0.003,23,12.5,0,0.4,7974
daegu,172,25,2020-06-20,21.9,17.8,27.4,9.6,0.1,1.5,75.9,998.2,8.3,29,0.4,0.007,0.042,0.003,23,12,2,0.8,7976
daegu,173,26,2020-06-21,21.9,16.9,28,11.1,0,1.6,75,996.1,11.4,30.2,0.4,0.008,0.035,0.004,24,12.5,1,1,7977
daegu,174,26,2020-06-22,23.3,15.1,31.3,16.2,0,1.4,69.5,995.9,13,31.7,0.4,0.013,0.043,0.004,26.5,14,1,1,7978
daegu,175,26,2020-06-23,24,16.9,31.1,14.2,0,1.5,68.2,996.8,10.2,31.7,0.4,0.014,0.051,0.003,31,18.5,1,1,7979
daegu,176,26,2020-06-24,21.3,19,24.5,5.5,7.5,1.4,84.8,993.4,0.1,24.7,0.4,0.012,0.032,0.003,25.5,15.5,0,1,7979
daegu,177,26,2020-06-25,21.6,19.3,24.8,5.5,1.6,1,92.6,989.7,0.4,23.9,0.4,0.011,0.03,0.003,22.5,13.5,0,0.6,7979
daegu,178,26,2020-06-26,23.5,19.6,28.4,8.8,0,2.2,73.4,993,6.7,26.7,0.4,0.01,0.04,0.003,23.5,13,0,0.4,7979
daegu,179,26,2020-06-27,23.7,19.5,29.6,10.1,0,1.2,75.2,992.2,4.7,27.9,0.4,0.013,0.044,0.003,34,21,1,0.4,7980
daegu,180,27,2020-06-28,23.8,18.8,29.8,11.1,0.5,1.7,75.2,991.5,10.1,30.6,0.4,0.008,0.049,0.003,33.5,22,0,0.2,7980
daegu,181,27,2020-06-29,21.2,18.1,25.4,7.3,39.5,1.7,88.4,991,0.6,25,0.5,0.01,0.043,0.003,38.5,27.5,2,0.6,7982
daegu,182,27,2020-06-30,21.7,18.8,25.7,6.9,25.6,2.3,86.8,979.1,2.2,24.1,0.3,0.007,0.042,0.003,10.5,4.5,0,0.6,7982
daegu,183,27,2020-07-01,20.1,17,24.5,7.5,1.6,1.7,83.3,991.6,1.8,22.9,0.3,0.01,0.033,0.003,14,7,1,0.8,7983
daegu,184,27,2020-07-02,21.7,16,28.1,12,0,1.4,76.2,998.7,8.6,26.5,0.3,0.011,0.03,0.003,25.5,15.5,1,0.8,7984
daegu,185,27,2020-07-03,19.7,16.9,22.5,5.6,2.3,1.5,84.5,998.9,0.5,22.4,0.4,0.011,0.023,0.003,19.5,10.5,11,3,7995
daegu,186,27,2020-07-04,20.6,17.3,25,7.6,1.4,1.4,83.8,994.6,3.5,24.6,0.3,0.009,0.028,0.003,14.5,7.5,2,3,7997
daegu,187,28,2020-07-05,22,17.4,27.6,10.2,0,1.2,81.4,991.8,5.4,25.9,0.4,0.008,0.032,0.003,22.5,14,1,3.2,7998
daegu,188,28,2020-07-06,22.5,18.1,27.6,9.6,11.9,1.1,86.3,989,3,25.5,0.4,0.013,0.027,0.003,27.5,17.5,0,3,7998
daegu,189,28,2020-07-07,24.6,20.6,29.7,9,0.2,1.5,81.3,990.5,7.5,28.7,0.4,0.01,0.039,0.003,23.5,14.5,0,2.8,7998
daegu,190,28,2020-07-08,24,19.7,29.6,9.9,0,1.5,78.5,992,8.7,29.6,0.4,0.011,0.054,0.003,33,22,0,0.6,7998
daegu,191,28,2020-07-09,23.7,19.9,28.5,8.7,0,1.7,79.7,992.8,7.1,29.6,0.5,0.01,0.045,0.003,42,31,0,0.2,7998
daegu,192,28,2020-07-10,22.8,20.6,26.6,6,22.3,1.4,91.6,989.4,1.7,24.8,0.4,0.011,0.031,0.003,16,9.5,0,0,7998
daegu,193,28,2020-07-11,23.8,20.6,28.6,8,0,1.7,82.2,994.3,3.9,27.1,0.4,0.009,0.031,0.003,24,13.5,0,0,7998
daegu,194,29,2020-07-12,20,17.7,22.1,4.4,17.1,1.8,89.4,998.8,0.1,22.4,0.3,0.006,0.031,0.003,19,11.5,0,0,7998
daegu,195,29,2020-07-13,18.4,17.2,19.7,2.5,88.2,2.1,95.2,992.1,0,19.6,0.3,0.007,0.034,0.003,7.5,3.5,0,0,7998
daegu,196,29,2020-07-14,19.1,17.7,21.1,3.5,3.2,1.7,91.9,990.7,0,21.3,0.3,0.008,0.025,0.003,9.5,4,0,0,7998
daegu,197,29,2020-07-15,19.1,16.9,22.2,5.2,2.1,1.2,89.6,993.4,0.7,22,0.3,0.008,0.022,0.003,14,6.5,0,0,7998
daegu,198,29,2020-07-16,21,16.2,27.1,10.9,0,1.3,80.1,994.7,10.3,26.2,0.3,0.009,0.026,0.003,21,11,0,0,7998
daegu,199,29,2020-07-17,21.5,16.2,27.8,11.6,0,1.5,78.2,996.6,11.2,28,0.4,0.009,0.028,0.003,22,12.5,0,0,7998
daegu,200,29,2020-07-18,21,15.8,26.5,10.6,0,1.4,80.9,997.5,7.8,26.4,0.3,0.008,0.028,0.003,23,13.5,0,0,7998
daegu,201,30,2020-07-19,22.1,18.1,24.9,6.8,0.2,1.2,89.9,995.6,0.1,23.8,0.3,0.008,0.022,0.003,24,15.5,0,0,7998
daegu,202,30,2020-07-20,26.3,22.9,30.7,7.8,7.3,2.2,80.7,993.5,2.5,27.4,0.3,0.007,0.029,0.003,18,9,0,0,7998
daegu,203,30,2020-07-21,25.6,21.5,30.8,9.3,0.9,1.6,75,998.7,9.8,30.4,0.4,0.009,0.039,0.003,15,7.5,0,0,7998
daegu,204,30,2020-07-22,22.2,21,24.2,3.2,35.5,0.8,95.5,997.8,0.1,24.3,0.4,0.012,0.034,0.003,14,9,0,0,7998
daegu,205,30,2020-07-23,20.7,19.7,21.9,2.2,66,1.9,96,995.4,0,22.3,0.4,0.009,0.032,0.003,13,8,0,0,7998
daegu,206,30,2020-07-24,21,19.3,23.6,4.3,40,1.7,94.1,986.1,0.3,22.5,0.4,0.01,0.029,0.002,8.5,4,0,0,7998
daegu,207,30,2020-07-25,21.6,19.8,24.5,4.8,17.1,1.1,94.6,990,0.5,24.1,0.4,0.011,0.025,0.002,10,5,0,0,7998
daegu,208,31,2020-07-26,22.5,20.4,26.9,6.5,2.7,1.1,91.2,995.1,2.6,25.4,0.4,0.008,0.028,0.002,18,10,0,0,7998
daegu,209,31,2020-07-27,21.9,20.3,24.6,4.3,11,1.3,94.4,996.8,0,24,0.6,0.011,0.024,0.002,30.5,20.5,0,0,7998
daegu,210,31,2020-07-28,21.7,20.6,23.6,3.1,18.4,1.1,96.2,998.7,0,23.5,0.5,0.012,0.022,0.002,15,9,0,0,7998
daegu,211,31,2020-07-29,22.2,21,24.1,3.2,26,0.9,97.1,1000.7,0,23.7,0.6,0.016,0.01,0.002,19,12,0,0,7998
daegu,212,31,2020-07-30,22.4,20.9,25,4.1,37,1,88.3,929.6,0.5,23.6,0.4,0.015,0.017,0.002,16.5,9,0,0,7998
daegu,213,31,2020-07-31,25.5,20.9,30.9,10,0.1,1.4,85.5,1000.7,5.4,27.7,0.4,0.012,0.014,0.002,17.5,8.5,0,0,7998
